date,product_id,product_name,category,warehouse,region,beginning_inventory,current_inventory,daily_sales,units_sold,lost_sales,inventory_received,supplier_lead_time,reorder_point,unit_price,discount,promotion,day_of_week,month,season,demand_forecast,stockout_event,sales_rolling_mean_7_days,sales_rolling_mean_30_days,inventory_to_demand_ratio,days_of_inventory_remaining,demand_growth_rate,inventory_change,lead_time_demand,safety_stock_gap,reorder_risk,promotion_demand_change,historical_stockout_rate,stockout_within_next_7_days,stockout_probability,risk_score,risk_level,days_until_stockout,expected_stockout_date,units_required,urgency,recommended_action
2024-12-30,P0050,Smart Speaker 1,Electronics,Bengaluru DC,South,602,560,42,42,0,0,13,374,315.37,0.0,0,Monday,12,Winter,46.37,0,45.42857142857143,45.833333333333336,12.327044025157232,12.327044025157232,-0.008831168831168837,-42.0,590.5714285714286,-30.571428571428555,0,0.43922465931368165,0.03021978021978022,,0.018550068146919584,5,LOW,12.3,2025-01-12,349,Routine monitoring,"Low risk: inventory is expected to last about 12.3 days, shorter than the 13-day supplier lead time. Expedite the open order or reallocate stock, and replenish at least 349 units."
2024-12-30,P0098,Fitness Tracker 4,Electronics,Mumbai DC,West,254,200,54,54,0,0,6,366,370.2,0.0,0,Monday,12,Winter,59.73,0,73.57142857142857,75.66666666666667,2.7184466019417477,2.7184466019417477,-0.027690371302706192,-54.0,441.42857142857144,-241.42857142857144,1,0.4484818590375973,0.09065934065934066,,0.8518418397467687,77,CRITICAL,2.7,2025-01-02,757,Immediate,"Critical risk: inventory is expected to last about 2.7 days, shorter than the 6-day supplier lead time. Expedite the open order or reallocate stock, and replenish at least 757 units."
2024-12-30,P0026,Coffee Maker 1,Home & Kitchen,Bengaluru DC,South,0,0,49,0,49,0,12,428,166.07,0.2,1,Monday,12,Winter,40.24,1,38.0,39.833333333333336,0.0,0.0,-0.04602510460251052,0.0,456.0,-456.0,1,0.4898436722094991,0.08241758241758242,,0.9154091610914826,90,CRITICAL,0.0,2024-12-30,722,Immediate,"Critical risk: inventory is expected to last about 0.0 days, shorter than the 12-day supplier lead time. Expedite the open order or reallocate stock, and replenish at least 722 units."
2024-12-30,P0027,Shampoo 3,Beauty,Bengaluru DC,South,261,228,33,33,0,0,11,443,74.83,0.0,0,Monday,12,Winter,33.02,0,43.857142857142854,41.4,5.198697068403909,5.198697068403909,0.059351276742581054,-33.0,482.4285714285714,-254.4285714285714,1,0.3519175374007107,0.03021978021978022,,0.5670387333252401,55,HIGH,5.2,2025-01-05,562,Within 24 hours,"High risk: inventory is expected to last about 5.2 days, shorter than the 11-day supplier lead time. Expedite the open order or reallocate stock, and replenish at least 562 units."
2024-12-30,P0028,Power Bank 3,Electronics,Mumbai DC,West,253,215,38,38,0,0,12,467,406.22,0.0,0,Monday,12,Winter,49.07,0,49.42857142857143,54.86666666666667,4.3497109826589595,4.3497109826589595,-0.09911473702482206,-38.0,593.1428571428571,-378.1428571428571,1,0.38876174090803767,0.046703296703296704,,0.7048155100260933,66,HIGH,4.3,2025-01-04,725,Within 24 hours,"High risk: inventory is expected to last about 4.3 days, shorter than the 12-day supplier lead time. Expedite the open order or reallocate stock, and replenish at least 725 units."
2024-12-30,P0029,Wireless Headphones 1,Electronics,Bengaluru DC,South,112,81,31,31,0,0,12,331,291.42,0.0,0,Monday,12,Winter,33.24,0,36.57142857142857,36.3,2.21484375,2.21484375,0.007477371113734773,-31.0,438.85714285714283,-357.85714285714283,1,0.3344002101906644,0.07417582417582418,,0.8828371422932321,82,CRITICAL,2.2,2025-01-02,614,Immediate,"Critical risk: inventory is expected to last about 2.2 days, shorter than the 12-day supplier lead time. Expedite the open order or reallocate stock, and replenish at least 614 units."
2024-12-30,P0030,Organic Coffee 5,Grocery,Mumbai DC,West,397,335,62,62,0,0,12,1117,15.81,0.0,0,Monday,12,Winter,76.09,0,95.71428571428571,91.33333333333333,3.5000000000000004,3.5000000000000004,0.04796663190823774,-62.0,1148.5714285714284,-813.5714285714284,1,0.36023565695306625,0.0,,0.5302618778031631,58,HIGH,3.5,2025-01-03,1484,Within 24 hours,"High risk: inventory is expected to last about 3.5 days, shorter than the 12-day supplier lead time. Expedite the open order or reallocate stock, and replenish at least 1,484 units."
2024-12-30,P0031,Organic Coffee 6,Grocery,Kolkata DC,East,878,806,72,72,0,0,10,1122,20.11,0.0,0,Monday,12,Winter,76.6,0,104.0,97.8,7.75,7.75,0.0633946830265849,-72.0,1040.0,-234.0,1,0.3960024769505985,0.024725274725274724,,0.08237447287079568,19,LOW,7.8,2025-01-07,962,Routine monitoring,"Low risk: inventory is expected to last about 7.8 days, shorter than the 10-day supplier lead time. Expedite the open order or reallocate stock, and replenish at least 962 units."
2024-12-30,P0032,Backpack 2,Fashion,Delhi DC,North,458,398,60,60,0,0,9,425,33.07,0.0,0,Monday,12,Winter,53.82,0,57.714285714285715,55.03333333333333,6.8960396039603955,6.8960396039603955,0.048715064463096015,-60.0,519.4285714285714,-121.42857142857144,1,0.36321683142993777,0.06593406593406594,,0.40543068416254935,40,MEDIUM,6.9,2025-01-06,526,Monitor this week,"Medium risk: inventory is expected to last about 6.9 days, shorter than the 9-day supplier lead time. Expedite the open order or reallocate stock, and replenish at least 526 units."
2024-12-30,P0033,Air Fryer 1,Home & Kitchen,Delhi DC,North,427,401,26,26,0,0,14,479,91.46,0.0,0,Monday,12,Winter,27.17,0,33.42857142857143,34.3,11.995726495726496,11.995726495726496,-0.025406080799666667,-26.0,468.0,-67.0,1,0.3179438700147709,0.02197802197802198,,0.032039265554706584,7,LOW,12.0,2025-01-11,301,Routine monitoring,"Low risk: inventory is expected to last about 12.0 days, shorter than the 14-day supplier lead time. Expedite the open order or reallocate stock, and replenish at least 301 units."
2024-12-30,P0034,Shampoo 4,Beauty,Kolkata DC,East,410,388,22,22,0,0,13,392,54.94,0.0,0,Monday,12,Winter,29.37,0,33.285714285714285,33.3,11.656652360515022,11.656652360515022,-0.00042900042900037414,-22.0,432.7142857142857,-44.71428571428572,1,0.2061690548360431,0.046703296703296704,,0.04794044357769653,8,LOW,11.7,2025-01-11,278,Routine monitoring,"Low risk: inventory is expected to last about 11.7 days, shorter than the 13-day supplier lead time. Expedite the open order or reallocate stock, and replenish at least 278 units."
2024-12-30,P0035,Face Serum 2,Beauty,Mumbai DC,West,114,71,43,43,0,0,11,431,79.05,0.0,0,Monday,12,Winter,40.09,0,44.714285714285715,45.166666666666664,1.5878594249201277,1.5878594249201277,-0.010015814443858649,-43.0,491.8571428571429,-420.8571428571429,1,0.34365634365634373,0.06593406593406594,,0.924702996748131,86,CRITICAL,1.6,2025-01-01,734,Immediate,"Critical risk: inventory is expected to last about 1.6 days, shorter than the 11-day supplier lead time. Expedite the open order or reallocate stock, and replenish at least 734 units."
2024-12-30,P0036,Coffee Maker 2,Home & Kitchen,Bengaluru DC,South,365,334,31,31,0,0,16,328,134.72,0.0,0,Monday,12,Winter,20.35,0,26.285714285714285,24.766666666666666,12.706521739130435,12.706521739130435,0.06133435877715824,-31.0,420.57142857142856,-86.57142857142856,0,0.3177678423580064,0.013736263736263736,,0.017041055566601446,6,LOW,12.7,2025-01-12,271,Routine monitoring,"Low risk: inventory is expected to last about 12.7 days, shorter than the 16-day supplier lead time. Expedite the open order or reallocate stock, and replenish at least 271 units."
2024-12-30,P0037,Power Bank 4,Electronics,Kolkata DC,East,312,236,76,76,0,0,4,261,304.85,0.0,0,Monday,12,Winter,61.41,0,63.57142857142857,70.1,3.7123595505617977,3.7123595505617977,-0.09313226003668225,-76.0,254.28571428571428,-18.285714285714278,1,0.461536579248411,0.019230769230769232,,0.7313058639794169,63,HIGH,3.7,2025-01-03,464,Within 24 hours,"High risk: inventory is expected to last about 3.7 days, shorter than the 4-day supplier lead time. Expedite the open order or reallocate stock, and replenish at least 464 units."
2024-12-30,P0038,Makeup Kit 3,Beauty,Mumbai DC,West,402,373,29,29,0,0,14,334,16.18,0.0,0,Monday,12,Winter,27.53,0,24.857142857142858,26.6,15.00574712643678,15.00574712643678,-0.06552094522019337,-29.0,348.0,25.0,0,0.3611805902951477,0.06318681318681318,,0.005582212568883438,0,LOW,15.0,2025-01-15,149,Routine monitoring,Inventory coverage currently exceeds lead time. Continue routine monitoring and reorder-point review.
2024-12-30,P0039,Blender 2,Home & Kitchen,Kolkata DC,East,338,313,25,25,0,328,12,278,111.72,0.0,0,Monday,12,Winter,21.9,0,23.0,25.733333333333334,13.608695652173912,13.608695652173912,-0.10621761658031091,303.0,276.0,37.0,0,0.42758888170652887,0.08241758241758242,,0.0008005423066328583,1,LOW,13.6,2025-01-13,124,Routine monitoring,Inventory coverage currently exceeds lead time. Continue routine monitoring and reorder-point review.
2024-12-30,P0040,Yoga Mat 1,Sports,Bengaluru DC,South,387,359,28,28,0,0,4,157,112.29,0.0,0,Monday,12,Winter,27.36,0,27.714285714285715,28.366666666666667,12.95360824742268,12.95360824742268,-0.02299815343293602,-28.0,110.85714285714286,248.14285714285714,0,0.3854309332811583,0.038461538461538464,,0.015358378985264447,3,LOW,13.0,2025-01-12,0,Routine monitoring,Inventory coverage currently exceeds lead time. Continue routine monitoring and reorder-point review.
2024-12-30,P0041,Body Lotion 1,Beauty,Bengaluru DC,South,385,358,27,27,0,0,14,413,18.7,0.0,0,Monday,12,Winter,29.16,0,32.857142857142854,30.9,10.895652173913044,10.895652173913044,0.06333795654183999,-27.0,459.99999999999994,-101.99999999999994,1,0.5878817413905133,0.06593406593406594,,0.08257408188442196,13,LOW,10.9,2025-01-10,332,Routine monitoring,"Low risk: inventory is expected to last about 10.9 days, shorter than the 14-day supplier lead time. Expedite the open order or reallocate stock, and replenish at least 332 units."
2024-12-30,P0042,Organic Coffee 7,Grocery,Mumbai DC,West,732,663,69,69,0,0,13,1100,26.7,0.0,0,Monday,12,Winter,66.72,0,86.0,85.56666666666666,7.709302325581396,7.709302325581396,0.005064277366575814,-69.0,1118.0,-455.0,1,0.33242254039255625,0.038461538461538464,,0.14226196316932205,24,LOW,7.7,2025-01-07,1057,Routine monitoring,"Low risk: inventory is expected to last about 7.7 days, shorter than the 13-day supplier lead time. Expedite the open order or reallocate stock, and replenish at least 1,057 units."
2024-12-30,P0043,Breakfast Cereal 3,Grocery,Bengaluru DC,South,557,494,63,63,0,0,7,614,15.38,0.0,0,Monday,12,Winter,62.56,0,83.57142857142857,74.23333333333333,5.911111111111111,5.911111111111111,0.12579382898197441,-63.0,585.0,-91.0,1,0.34613511979199296,0.013736263736263736,,0.3148466647684494,36,MEDIUM,5.9,2025-01-05,676,Monitor this week,"Medium risk: inventory is expected to last about 5.9 days, shorter than the 7-day supplier lead time. Expedite the open order or reallocate stock, and replenish at least 676 units."
2024-12-30,P0044,Coffee Maker 3,Home & Kitchen,Mumbai DC,West,112,80,32,32,0,0,12,397,97.07,0.0,0,Monday,12,Winter,34.49,0,31.285714285714285,31.933333333333334,2.5570776255707766,2.5570776255707766,-0.020280345958842868,-32.0,375.42857142857144,-295.42857142857144,1,0.4030394610505108,0.046703296703296704,,0.8673568477018966,80,CRITICAL,2.6,2025-01-02,515,Immediate,"Critical risk: inventory is expected to last about 2.6 days, shorter than the 12-day supplier lead time. Expedite the open order or reallocate stock, and replenish at least 515 units."
2024-12-30,P0045,Organic Coffee 8,Grocery,Mumbai DC,West,1934,1798,136,136,0,0,8,1038,17.74,0.0,0,Monday,12,Winter,137.97,0,133.85714285714286,133.5,13.43223052294557,13.43223052294557,0.002675227394328548,-136.0,1070.857142857143,727.1428571428571,0,0.41220385465071996,0.06043956043956044,,0.011837676702209638,2,LOW,13.4,2025-01-13,210,Routine monitoring,Inventory coverage currently exceeds lead time. Continue routine monitoring and reorder-point review.
2024-12-30,P0046,Organic Coffee 9,Grocery,Bengaluru DC,South,1315,1200,115,115,0,0,12,878,14.35,0.0,0,Monday,12,Winter,100.03,0,112.28571428571429,106.33333333333333,10.687022900763358,10.687022900763358,0.05597850425436643,-115.0,1347.4285714285716,-147.42857142857156,0,0.34211807471357636,0.0027472527472527475,,0.03793069705605109,10,LOW,10.7,2025-01-10,934,Routine monitoring,"Low risk: inventory is expected to last about 10.7 days, shorter than the 12-day supplier lead time. Expedite the open order or reallocate stock, and replenish at least 934 units."
2024-12-30,P0025,Organic Coffee 4,Grocery,Mumbai DC,West,269,174,95,95,0,0,9,752,13.11,0.0,0,Monday,12,Winter,100.38,0,98.42857142857143,100.4,1.7677793904208998,1.7677793904208998,-0.0196357427433125,-95.0,885.8571428571429,-711.8571428571429,1,0.35530733913520174,0.0521978021978022,,0.9167060072255667,85,CRITICAL,1.8,2025-01-01,1401,Immediate,"Critical risk: inventory is expected to last about 1.8 days, shorter than the 9-day supplier lead time. Expedite the open order or reallocate stock, and replenish at least 1,401 units."
2024-12-30,P0047,Body Lotion 2,Beauty,Delhi DC,North,240,175,65,65,0,0,10,579,70.39,0.0,0,Monday,12,Winter,51.82,0,53.285714285714285,54.56666666666667,3.284182305630027,3.284182305630027,-0.02347499781830883,-65.0,532.8571428571429,-357.8571428571429,1,0.3726507566693953,0.03296703296703297,,0.7936638164735876,73,HIGH,3.3,2025-01-03,731,Within 24 hours,"High risk: inventory is expected to last about 3.3 days, shorter than the 10-day supplier lead time. Expedite the open order or reallocate stock, and replenish at least 731 units."
2024-12-30,P0024,Backpack 1,Fashion,Bengaluru DC,South,758,703,55,55,0,0,13,552,83.24,0.0,0,Monday,12,Winter,45.8,0,50.857142857142854,52.766666666666666,13.82303370786517,13.82303370786517,-0.036188069668802496,-55.0,661.1428571428571,41.85714285714289,0,0.42786292828645317,0.06318681318681318,,0.007888985972885907,1,LOW,13.8,2025-01-13,315,Routine monitoring,Inventory coverage currently exceeds lead time. Continue routine monitoring and reorder-point review.
2024-12-30,P0022,Makeup Kit 2,Beauty,Mumbai DC,West,446,407,39,39,0,0,9,271,72.84,0.0,0,Monday,12,Winter,40.24,0,41.0,39.6,9.926829268292684,9.926829268292684,0.03535353535353532,-39.0,369.0,38.0,0,0.45143127909245484,0.08791208791208792,,0.08148823592668454,12,LOW,9.9,2025-01-09,249,Routine monitoring,Inventory coverage currently exceeds lead time. Continue routine monitoring and reorder-point review.
2024-12-30,P0001,Protein Bar 1,Grocery,Bengaluru DC,South,805,700,101,101,0,0,13,746,6.31,0.25,1,Monday,12,Winter,79.61,0,51.57142857142857,57.0,13.573407202216067,13.573407202216067,-0.09523809523809527,-105.0,670.4285714285714,29.571428571428555,1,0.39718530101641897,0.027472527472527472,,0.015322431043616318,2,LOW,13.6,2025-01-13,332,Routine monitoring,Inventory coverage currently exceeds lead time. Continue routine monitoring and reorder-point review.
2024-12-30,P0002,Shampoo 1,Beauty,Kolkata DC,East,475,450,25,25,0,0,10,327,67.37,0.0,0,Monday,12,Winter,27.23,0,40.285714285714285,36.233333333333334,11.170212765957448,11.170212765957448,0.11184124063608879,-25.0,402.85714285714283,47.14285714285717,0,0.46352766934107537,0.057692307692307696,,0.021901905081051887,7,LOW,11.2,2025-01-11,235,Routine monitoring,Inventory coverage currently exceeds lead time. Continue routine monitoring and reorder-point review.
2024-12-30,P0003,Denim Jeans 1,Fashion,Delhi DC,North,624,564,60,60,0,0,15,625,68.39,0.0,0,Monday,12,Winter,52.91,0,65.57142857142857,60.733333333333334,8.601307189542483,8.601307189542483,0.07966128273482824,-60.0,983.5714285714286,-419.57142857142856,1,0.4208319721224001,0.03571428571428571,,0.2082077229266448,27,MEDIUM,8.6,2025-01-08,879,Monitor this week,"Medium risk: inventory is expected to last about 8.6 days, shorter than the 15-day supplier lead time. Expedite the open order or reallocate stock, and replenish at least 879 units."
2024-12-30,P0004,Organic Coffee 1,Grocery,Delhi DC,North,336,278,58,58,0,0,7,620,12.32,0.0,0,Monday,12,Winter,63.41,0,64.71428571428571,69.13333333333334,4.295805739514349,4.295805739514349,-0.06392065022730421,-58.0,452.99999999999994,-174.99999999999994,1,0.3967698324873556,0.005494505494505495,,0.46460477090345975,49,MEDIUM,4.3,2025-01-04,628,Monitor this week,"Medium risk: inventory is expected to last about 4.3 days, shorter than the 7-day supplier lead time. Expedite the open order or reallocate stock, and replenish at least 628 units."
2024-12-30,P0005,Power Bank 1,Electronics,Mumbai DC,West,1115,1010,105,105,0,0,10,867,399.17,0.0,0,Monday,12,Winter,86.5,0,92.0,104.33333333333333,10.978260869565217,10.978260869565217,-0.11821086261980826,-105.0,920.0,90.0,0,0.3882217847769029,0.057692307692307696,,0.040586804926410446,8,LOW,11.0,2025-01-10,554,Routine monitoring,Inventory coverage currently exceeds lead time. Continue routine monitoring and reorder-point review.
2024-12-30,P0006,Denim Jeans 2,Fashion,Bengaluru DC,South,46,0,48,46,2,0,13,568,102.28,0.0,0,Monday,12,Winter,59.45,1,64.85714285714286,58.6,0.0,0.0,0.10677718186250613,-46.0,843.1428571428572,-843.1428571428572,1,0.454170286707211,0.09065934065934066,,0.9684151561799625,94,CRITICAL,0.0,2024-12-30,1298,Immediate,"Critical risk: inventory is expected to last about 0.0 days, shorter than the 13-day supplier lead time. Expedite the open order or reallocate stock, and replenish at least 1,298 units."
2024-12-30,P0007,Organic Coffee 2,Grocery,Mumbai DC,West,75,3,72,72,0,0,13,1073,22.45,0.0,0,Monday,12,Winter,78.44,0,84.71428571428571,91.8,0.03541315345699832,0.03541315345699832,-0.07718643012760663,-72.0,1101.2857142857142,-1098.2857142857142,1,0.42030753851581815,0.024725274725274724,,0.912509164887339,90,CRITICAL,0.0,2024-12-31,1692,Immediate,"Critical risk: inventory is expected to last about 0.0 days, shorter than the 13-day supplier lead time. Expedite the open order or reallocate stock, and replenish at least 1,692 units."
2024-12-30,P0008,Breakfast Cereal 1,Grocery,Mumbai DC,West,289,244,45,45,0,0,10,590,23.4,0.0,0,Monday,12,Winter,41.48,0,68.85714285714286,61.733333333333334,3.5435684647302903,3.5435684647302903,0.11539648256710897,-45.0,688.5714285714287,-444.57142857142867,1,0.38059325385614995,0.02197802197802198,,0.5853776915661068,61,HIGH,3.5,2025-01-03,927,Within 24 hours,"High risk: inventory is expected to last about 3.5 days, shorter than the 10-day supplier lead time. Expedite the open order or reallocate stock, and replenish at least 927 units."
2024-12-30,P0009,Fitness Tracker 1,Electronics,Kolkata DC,East,138,76,62,62,0,0,7,428,230.76,0.0,0,Monday,12,Winter,73.77,0,66.57142857142857,60.166666666666664,1.1416309012875536,1.1416309012875536,0.10645033636723389,-62.0,466.0,-390.0,1,0.350977755006191,0.03021978021978022,,0.9285186846903376,88,CRITICAL,1.1,2025-01-01,856,Immediate,"Critical risk: inventory is expected to last about 1.1 days, shorter than the 7-day supplier lead time. Expedite the open order or reallocate stock, and replenish at least 856 units."
2024-12-30,P0010,Face Serum 1,Beauty,Kolkata DC,East,936,867,69,69,0,0,11,560,68.36,0.0,0,Monday,12,Winter,91.36,0,84.71428571428571,85.7,10.234401349072513,10.234401349072513,-0.011501916986164465,-69.0,931.8571428571428,-64.85714285714278,0,0.2547751913265307,0.019230769230769232,,0.07410022117468892,12,LOW,10.2,2025-01-10,658,Routine monitoring,"Low risk: inventory is expected to last about 10.2 days, shorter than the 11-day supplier lead time. Expedite the open order or reallocate stock, and replenish at least 658 units."
2024-12-30,P0011,Shampoo 2,Beauty,Delhi DC,North,411,381,30,30,0,0,11,363,72.67,0.0,0,Monday,12,Winter,32.53,0,35.714285714285715,36.5,10.668,10.668,-0.02152641878669273,-30.0,392.8571428571429,-11.85714285714289,0,0.35578860054508826,0.06593406593406594,,0.03457517204889454,8,LOW,10.7,2025-01-10,262,Routine monitoring,"Low risk: inventory is expected to last about 10.7 days, shorter than the 11-day supplier lead time. Expedite the open order or reallocate stock, and replenish at least 262 units."
2024-12-30,P0012,Cotton T-Shirt 1,Fashion,Mumbai DC,West,371,320,51,51,0,0,16,625,69.08,0.0,0,Monday,12,Winter,52.93,0,51.0,52.766666666666666,6.2745098039215685,6.2745098039215685,-0.033480732785849635,-51.0,816.0,-496.0,1,0.47495972657610597,0.03296703296703297,,0.5002062952212116,50,HIGH,6.3,2025-01-06,853,Within 24 hours,"High risk: inventory is expected to last about 6.3 days, shorter than the 16-day supplier lead time. Expedite the open order or reallocate stock, and replenish at least 853 units."
2024-12-30,P0013,Running Shoes 1,Sports,Mumbai DC,West,89,57,32,32,0,0,5,286,95.55,0.0,0,Monday,12,Winter,33.5,0,31.285714285714285,33.36666666666667,1.821917808219178,1.821917808219178,-0.062366205223348126,-32.0,156.42857142857142,-99.42857142857142,1,0.32761072560609944,0.013736263736263736,,0.9033896753362876,82,CRITICAL,1.8,2025-01-01,319,Immediate,"Critical risk: inventory is expected to last about 1.8 days, shorter than the 5-day supplier lead time. Expedite the open order or reallocate stock, and replenish at least 319 units."
2024-12-30,P0014,Breakfast Cereal 2,Grocery,Mumbai DC,West,1571,1485,86,86,0,0,8,672,13.54,0.0,0,Monday,12,Winter,87.53,0,96.71428571428571,90.2,15.354505169867062,15.354505169867062,0.0722204624643648,-86.0,773.7142857142857,711.2857142857143,0,0.4248601903068185,0.054945054945054944,,0.002796253982516044,1,LOW,15.4,2025-01-15,0,Routine monitoring,Inventory coverage currently exceeds lead time. Continue routine monitoring and reorder-point review.
2024-12-30,P0015,Makeup Kit 1,Beauty,Delhi DC,North,374,330,44,44,0,0,7,432,58.28,0.0,0,Monday,12,Winter,49.3,0,53.57142857142857,49.8,6.16,6.16,0.07573149741824442,-44.0,375.0,-45.0,1,0.370935205128278,0.008241758241758242,,0.401163884382881,40,MEDIUM,6.2,2025-01-06,420,Monitor this week,"Medium risk: inventory is expected to last about 6.2 days, shorter than the 7-day supplier lead time. Expedite the open order or reallocate stock, and replenish at least 420 units."
2024-12-30,P0016,Blender 1,Home & Kitchen,Mumbai DC,West,408,386,22,22,0,0,10,230,105.85,0.0,0,Monday,12,Winter,24.22,0,25.285714285714285,28.133333333333333,15.265536723163843,15.265536723163843,-0.10121868652674341,-22.0,252.85714285714283,133.14285714285717,0,0.41494822935700004,0.038461538461538464,,0.0034537756633741443,0,LOW,15.3,2025-01-15,44,Routine monitoring,Inventory coverage currently exceeds lead time. Continue routine monitoring and reorder-point review.
2024-12-30,P0017,Dumbbell Set 1,Sports,Mumbai DC,West,537,502,35,35,0,470,12,470,132.81,0.0,0,Monday,12,Winter,32.89,0,37.714285714285715,33.56666666666667,13.31060606060606,13.31060606060606,0.12356362604624761,435.0,452.57142857142856,49.428571428571445,0,0.45836363636363625,0.016483516483516484,,0.0005545726158004314,2,LOW,13.3,2025-01-13,215,Routine monitoring,Inventory coverage currently exceeds lead time. Continue routine monitoring and reorder-point review.
2024-12-30,P0018,Power Bank 2,Electronics,Bengaluru DC,South,114,80,34,34,0,0,14,417,168.03,0.0,0,Monday,12,Winter,35.55,0,35.42857142857143,37.5,2.258064516129032,2.258064516129032,-0.05523809523809518,-34.0,496.0,-416.0,1,0.32733045387541354,0.054945054945054944,,0.8609773666598077,81,CRITICAL,2.3,2025-01-02,664,Immediate,"Critical risk: inventory is expected to last about 2.3 days, shorter than the 14-day supplier lead time. Expedite the open order or reallocate stock, and replenish at least 664 units."
2024-12-30,P0019,Protein Bar 2,Grocery,Bengaluru DC,South,1028,942,86,86,0,895,6,515,11.45,0.0,0,Monday,12,Winter,88.79,0,67.42857142857143,75.63333333333334,13.970338983050848,13.970338983050848,-0.10848076559843864,809.0,404.57142857142856,537.4285714285714,0,0.31534737451897216,0.0027472527472527475,,1.3794889887078147e-05,0,LOW,14.0,2025-01-13,0,Routine monitoring,Inventory coverage currently exceeds lead time. Continue routine monitoring and reorder-point review.
2024-12-30,P0020,Water Bottle 1,Sports,Mumbai DC,West,416,390,26,26,0,364,9,298,27.2,0.0,0,Monday,12,Winter,27.83,0,30.571428571428573,30.1,12.757009345794392,12.757009345794392,0.015662078785002375,338.0,275.14285714285717,114.85714285714283,0,0.2935403163515464,0.06043956043956044,,0.0016334139790129523,2,LOW,12.8,2025-01-12,100,Routine monitoring,Inventory coverage currently exceeds lead time. Continue routine monitoring and reorder-point review.
2024-12-30,P0021,Organic Coffee 3,Grocery,Mumbai DC,West,1124,1051,73,73,0,0,5,531,24.43,0.0,0,Monday,12,Winter,81.62,0,83.57142857142857,75.93333333333334,12.576068376068376,12.576068376068376,0.10058948952715406,-73.0,417.85714285714283,633.1428571428571,0,0.38383575883575893,0.02197802197802198,,0.00965015384896428,4,LOW,12.6,2025-01-12,0,Routine monitoring,Inventory coverage currently exceeds lead time. Continue routine monitoring and reorder-point review.
2024-12-30,P0023,Cotton T-Shirt 2,Fashion,Kolkata DC,East,468,422,46,46,0,0,4,257,83.53,0.0,0,Monday,12,Winter,43.63,0,52.857142857142854,50.8,7.983783783783784,7.983783783783784,0.04049493813273341,-46.0,211.42857142857142,210.57142857142858,0,0.37005741626794264,0.03021978021978022,,0.08146472362545515,16,LOW,8.0,2025-01-07,160,Routine monitoring,Inventory coverage currently exceeds lead time. Continue routine monitoring and reorder-point review.
2024-12-30,P0099,Power Bank 9,Electronics,Delhi DC,North,816,771,45,45,0,816,13,394,345.42,0.0,0,Monday,12,Winter,38.19,0,43.714285714285715,41.3,17.637254901960784,17.637254901960784,0.05845728121757187,771.0,568.2857142857143,202.71428571428567,0,0.5894909688013137,0.054945054945054944,,3.6069333697174153e-06,0,LOW,17.6,2025-01-17,104,Routine monitoring,Inventory coverage currently exceeds lead time. Continue routine monitoring and reorder-point review.
2024-12-30,P0048,Blender 3,Home & Kitchen,Delhi DC,North,122,90,32,32,0,0,13,503,76.34,0.0,0,Monday,12,Winter,34.38,0,38.57142857142857,35.733333333333334,2.3333333333333335,2.3333333333333335,0.07942430703624725,-32.0,501.4285714285714,-411.4285714285714,1,0.33341892269048284,0.04395604395604396,,0.8496186428453766,80,CRITICAL,2.3,2025-01-02,682,Immediate,"Critical risk: inventory is expected to last about 2.3 days, shorter than the 13-day supplier lead time. Expedite the open order or reallocate stock, and replenish at least 682 units."
2024-12-30,P0051,Air Fryer 2,Home & Kitchen,Delhi DC,North,55,17,38,38,0,0,11,459,164.14,0.0,0,Monday,12,Winter,45.91,0,41.0,38.4,0.4146341463414634,0.4146341463414634,0.06770833333333337,-38.0,451.0,-434.0,1,0.3397129186602871,0.038461538461538464,,0.9505821917478403,91,CRITICAL,0.4,2024-12-31,721,Immediate,"Critical risk: inventory is expected to last about 0.4 days, shorter than the 11-day supplier lead time. Expedite the open order or reallocate stock, and replenish at least 721 units."
2024-12-30,P0077,Coffee Maker 5,Home & Kitchen,Bengaluru DC,South,431,398,33,33,0,0,9,368,36.94,0.0,0,Monday,12,Winter,33.8,0,34.57142857142857,35.3,11.512396694214877,11.512396694214877,-0.02063941723998379,-33.0,311.1428571428571,86.85714285714289,0,0.32721356597233664,0.008241758241758242,,0.018787412323688933,6,LOW,11.5,2025-01-11,156,Routine monitoring,Inventory coverage currently exceeds lead time. Continue routine monitoring and reorder-point review.
2024-12-30,P0078,Yoga Mat 4,Sports,Mumbai DC,West,654,628,26,26,0,654,14,478,130.94,0.0,0,Monday,12,Winter,30.81,0,35.714285714285715,38.1,17.584,17.584,-0.06261717285339334,628.0,500.0,128.0,0,0.29014146287970155,0.07417582417582418,,2.0156542167584192e-05,0,LOW,17.6,2025-01-17,122,Routine monitoring,Inventory coverage currently exceeds lead time. Continue routine monitoring and reorder-point review.
2024-12-30,P0079,Dumbbell Set 3,Sports,Mumbai DC,West,231,204,27,27,0,0,10,321,148.0,0.0,0,Monday,12,Winter,26.11,0,23.857142857142858,24.733333333333334,8.550898203592814,8.550898203592814,-0.035425490951097434,-27.0,238.57142857142858,-34.571428571428584,1,0.2860684033639005,0.01098901098901099,,0.28004461175038503,28,MEDIUM,8.6,2025-01-08,202,Monitor this week,"Medium risk: inventory is expected to last about 8.6 days, shorter than the 10-day supplier lead time. Expedite the open order or reallocate stock, and replenish at least 202 units."
2024-12-30,P0080,Breakfast Cereal 6,Grocery,Delhi DC,North,62,0,89,62,27,0,7,632,11.62,0.0,0,Monday,12,Winter,72.97,1,96.14285714285714,98.3,0.0,0.0,-0.021944484813253902,-62.0,673.0,-673.0,1,0.4973867914184424,0.0521978021978022,,0.8946721681676011,89,CRITICAL,0.0,2024-12-30,1346,Immediate,"Critical risk: inventory is expected to last about 0.0 days, shorter than the 7-day supplier lead time. Expedite the open order or reallocate stock, and replenish at least 1,346 units."
2024-12-30,P0081,Water Bottle 4,Sports,Mumbai DC,West,531,464,67,67,0,0,4,337,61.23,0.0,0,Monday,12,Winter,61.17,0,50.42857142857143,50.56666666666667,9.20113314447592,9.20113314447592,-0.002730953950466171,-67.0,201.71428571428572,262.2857142857143,0,0.488004472908407,0.054945054945054944,,0.1497279808630865,18,LOW,9.2,2025-01-09,91,Routine monitoring,Inventory coverage currently exceeds lead time. Continue routine monitoring and reorder-point review.
2024-12-30,P0082,Body Lotion 4,Beauty,Kolkata DC,East,478,418,60,60,0,0,4,257,84.4,0.0,0,Monday,12,Winter,55.44,0,54.285714285714285,57.7,7.7,7.7,-0.05917306263926721,-60.0,217.14285714285714,200.85714285714286,0,0.29257908973303537,0.04395604395604396,,0.15674379025070995,21,LOW,7.7,2025-01-07,180,Routine monitoring,Inventory coverage currently exceeds lead time. Continue routine monitoring and reorder-point review.
2024-12-30,P0083,Protein Bar 5,Grocery,Mumbai DC,West,420,363,57,57,0,0,10,412,18.92,0.0,0,Monday,12,Winter,48.4,0,80.71428571428571,74.36666666666666,4.497345132743363,4.497345132743363,0.08535570211948519,-57.0,807.1428571428571,-444.1428571428571,1,0.34724988478570146,0.0,,0.5498316916701248,56,HIGH,4.5,2025-01-04,1010,Within 24 hours,"High risk: inventory is expected to last about 4.5 days, shorter than the 10-day supplier lead time. Expedite the open order or reallocate stock, and replenish at least 1,010 units."
2024-12-30,P0084,Power Bank 6,Electronics,Mumbai DC,West,0,0,46,0,46,0,14,623,284.56,0.0,0,Monday,12,Winter,43.6,1,50.857142857142854,53.63333333333333,0.0,0.0,-0.051762407884222726,0.0,712.0,-712.0,1,0.496351448162931,0.0521978021978022,,0.9123692290498747,90,CRITICAL,0.0,2024-12-30,1068,Immediate,"Critical risk: inventory is expected to last about 0.0 days, shorter than the 14-day supplier lead time. Expedite the open order or reallocate stock, and replenish at least 1,068 units."
2024-12-30,P0085,Wireless Headphones 3,Electronics,Kolkata DC,East,673,620,53,53,0,0,6,381,274.92,0.0,0,Monday,12,Winter,66.51,0,68.14285714285714,63.166666666666664,9.09853249475891,9.09853249475891,0.07877874104787032,-53.0,408.85714285714283,211.14285714285717,0,0.4718881004576746,0.019230769230769232,,0.05599197957835354,13,LOW,9.1,2025-01-09,266,Routine monitoring,Inventory coverage currently exceeds lead time. Continue routine monitoring and reorder-point review.
2024-12-30,P0086,Power Bank 7,Electronics,Bengaluru DC,South,673,598,75,75,0,0,4,331,221.67,0.15,1,Monday,12,Winter,68.66,0,55.857142857142854,57.06666666666667,10.705882352941178,10.705882352941178,-0.021194926568758456,-75.0,223.42857142857142,374.57142857142856,0,0.32785228115102105,0.04120879120879121,,0.03358976533927678,8,LOW,10.7,2025-01-10,17,Routine monitoring,Inventory coverage currently exceeds lead time. Continue routine monitoring and reorder-point review.
2024-12-30,P0087,Olive Oil 2,Grocery,Kolkata DC,East,571,500,71,71,0,0,7,452,24.62,0.0,0,Monday,12,Winter,72.41,0,67.0,68.5,7.462686567164179,7.462686567164179,-0.021897810218978103,-71.0,469.0,31.0,0,0.3173382950594917,0.005494505494505495,,0.1151417203635545,19,LOW,7.5,2025-01-07,438,Routine monitoring,Inventory coverage currently exceeds lead time. Continue routine monitoring and reorder-point review.
2024-12-30,P0088,Face Serum 5,Beauty,Kolkata DC,East,61,11,50,50,0,0,16,568,66.15,0.0,0,Monday,12,Winter,43.3,0,54.0,53.93333333333333,0.2037037037037037,0.2037037037037037,0.00123609394313974,-50.0,864.0,-853.0,1,0.3588260830584693,0.03571428571428571,,0.9539841065408606,92,CRITICAL,0.2,2024-12-31,1231,Immediate,"Critical risk: inventory is expected to last about 0.2 days, shorter than the 16-day supplier lead time. Expedite the open order or reallocate stock, and replenish at least 1,231 units."
2024-12-30,P0089,Power Bank 8,Electronics,Bengaluru DC,South,737,714,23,23,0,0,12,416,153.47,0.0,0,Monday,12,Winter,40.89,0,38.142857142857146,40.6,18.719101123595504,18.719101123595504,-0.06052076002814915,-23.0,457.7142857142858,256.2857142857142,0,0.4851552318896129,0.038461538461538464,,0.0004239523389394691,0,LOW,18.7,2025-01-18,11,Routine monitoring,Inventory coverage currently exceeds lead time. Continue routine monitoring and reorder-point review.
2024-12-30,P0090,Face Serum 6,Beauty,Bengaluru DC,South,717,663,54,54,0,0,19,831,35.3,0.0,0,Monday,12,Winter,52.09,0,60.857142857142854,60.0,10.8943661971831,10.8943661971831,0.014285714285714235,-54.0,1156.2857142857142,-493.2857142857142,1,0.2978013903803764,0.01098901098901099,,0.08651866079850268,15,LOW,10.9,2025-01-10,920,Routine monitoring,"Low risk: inventory is expected to last about 10.9 days, shorter than the 19-day supplier lead time. Expedite the open order or reallocate stock, and replenish at least 920 units."
2024-12-30,P0091,Smart Speaker 3,Electronics,Bengaluru DC,South,939,882,57,57,0,0,10,581,217.03,0.0,0,Monday,12,Winter,62.56,0,71.57142857142857,75.73333333333333,12.323353293413174,12.323353293413174,-0.05495472837022137,-57.0,715.7142857142857,166.28571428571433,0,0.37039168402206885,0.057692307692307696,,0.0132312333156896,4,LOW,12.3,2025-01-12,335,Routine monitoring,Inventory coverage currently exceeds lead time. Continue routine monitoring and reorder-point review.
2024-12-30,P0092,Protein Bar 6,Grocery,Mumbai DC,West,159,95,64,64,0,0,9,833,10.67,0.0,0,Monday,12,Winter,76.76,0,79.42857142857143,79.0,1.1960431654676258,1.1960431654676258,0.005424954792043426,-64.0,714.8571428571429,-619.8571428571429,1,0.37730195222694135,0.005494505494505495,,0.8461252969730305,82,CRITICAL,1.2,2025-01-01,1176,Immediate,"Critical risk: inventory is expected to last about 1.2 days, shorter than the 9-day supplier lead time. Expedite the open order or reallocate stock, and replenish at least 1,176 units."
2024-12-30,P0093,Shampoo 5,Beauty,Mumbai DC,West,149,103,46,46,0,0,6,249,59.63,0.0,0,Monday,12,Winter,41.41,0,43.285714285714285,42.233333333333334,2.3795379537953796,2.3795379537953796,0.024918254594655496,-46.0,259.7142857142857,-156.71428571428572,1,0.3391076545231273,0.04395604395604396,,0.8888715954865776,80,CRITICAL,2.4,2025-01-02,460,Immediate,"Critical risk: inventory is expected to last about 2.4 days, shorter than the 6-day supplier lead time. Expedite the open order or reallocate stock, and replenish at least 460 units."
2024-12-30,P0094,Makeup Kit 5,Beauty,Delhi DC,North,223,157,66,66,0,0,7,540,83.87,0.2,1,Monday,12,Winter,78.71,0,60.0,59.333333333333336,2.6166666666666667,2.6166666666666667,0.011235955056179735,-66.0,420.0,-263.0,1,0.43899740318392216,0.01098901098901099,,0.7993600451571614,75,CRITICAL,2.6,2025-01-02,683,Immediate,"Critical risk: inventory is expected to last about 2.6 days, shorter than the 7-day supplier lead time. Expedite the open order or reallocate stock, and replenish at least 683 units."
2024-12-30,P0095,Blender 4,Home & Kitchen,Kolkata DC,East,0,0,7,0,7,0,14,225,129.45,0.0,0,Monday,12,Winter,12.39,1,17.857142857142858,15.433333333333334,0.0,0.0,0.1570502931194076,0.0,250.0,-250.0,1,0.2529071948383225,0.03021978021978022,,0.9476009733856243,93,CRITICAL,0.0,2024-12-30,375,Immediate,"Critical risk: inventory is expected to last about 0.0 days, shorter than the 14-day supplier lead time. Expedite the open order or reallocate stock, and replenish at least 375 units."
2024-12-30,P0096,Water Bottle 5,Sports,Delhi DC,North,370,340,30,30,0,313,8,269,58.48,0.0,0,Monday,12,Winter,23.08,0,26.0,27.7,13.076923076923077,13.076923076923077,-0.061371841155234634,283.0,208.0,132.0,0,0.30557069660961533,0.046703296703296704,,0.0014140386143307324,2,LOW,13.1,2025-01-13,50,Routine monitoring,Inventory coverage currently exceeds lead time. Continue routine monitoring and reorder-point review.
2024-12-30,P0097,Makeup Kit 6,Beauty,Delhi DC,North,731,660,71,71,0,0,13,780,19.33,0.0,0,Monday,12,Winter,82.25,0,114.85714285714286,108.63333333333334,5.746268656716418,5.746268656716418,0.05729189497216497,-71.0,1493.142857142857,-833.1428571428571,1,0.3316471152588199,0.06318681318681318,,0.5657778917900089,55,HIGH,5.7,2025-01-05,1638,Within 24 hours,"High risk: inventory is expected to last about 5.7 days, shorter than the 13-day supplier lead time. Expedite the open order or reallocate stock, and replenish at least 1,638 units."
2024-12-30,P0076,Storage Set 1,Home & Kitchen,Delhi DC,North,288,246,42,42,0,0,12,473,39.67,0.0,0,Monday,12,Winter,36.97,0,38.857142857142854,39.266666666666666,6.330882352941177,6.330882352941177,-0.010429299054086884,-42.0,466.2857142857142,-220.28571428571422,1,0.3591909361294986,0.046703296703296704,,0.43195212093937035,44,MEDIUM,6.3,2025-01-06,493,Monitor this week,"Medium risk: inventory is expected to last about 6.3 days, shorter than the 12-day supplier lead time. Expedite the open order or reallocate stock, and replenish at least 493 units."
2024-12-30,P0049,Breakfast Cereal 4,Grocery,Mumbai DC,West,656,610,46,46,0,0,7,371,7.69,0.0,0,Monday,12,Winter,55.69,0,39.285714285714285,47.93333333333333,15.527272727272727,15.527272727272727,-0.18040929862904825,-46.0,275.0,335.0,0,0.33736017897091714,0.01098901098901099,,0.0020695916437109946,0,LOW,15.5,2025-01-15,0,Routine monitoring,Inventory coverage currently exceeds lead time. Continue routine monitoring and reorder-point review.
2024-12-30,P0075,Smart Speaker 2,Electronics,Mumbai DC,West,644,610,34,34,0,0,13,490,172.22,0.0,0,Monday,12,Winter,42.98,0,49.714285714285715,52.266666666666666,12.270114942528735,12.270114942528735,-0.04883381924198247,-34.0,646.2857142857143,-36.285714285714334,0,0.5211169727855572,0.06868131868131869,,0.012938773871410536,4,LOW,12.3,2025-01-12,385,Routine monitoring,"Low risk: inventory is expected to last about 12.3 days, shorter than the 13-day supplier lead time. Expedite the open order or reallocate stock, and replenish at least 385 units."
2024-12-30,P0073,Denim Jeans 3,Fashion,Mumbai DC,West,311,271,40,40,0,0,4,310,57.22,0.0,0,Monday,12,Winter,45.68,0,59.42857142857143,53.333333333333336,4.560096153846153,4.560096153846153,0.11428571428571427,-40.0,237.71428571428572,33.28571428571428,1,0.4046613157806361,0.008241758241758242,,0.5525825154787254,51,HIGH,4.6,2025-01-04,383,Within 24 hours,High risk: place or increase replenishment by at least 383 units and review demand daily.
2024-12-30,P0052,Wireless Headphones 2,Electronics,Kolkata DC,East,471,436,35,35,0,0,14,358,111.82,0.0,0,Monday,12,Winter,41.46,0,45.857142857142854,47.666666666666664,9.507788161993771,9.507788161993771,-0.03796203796203798,-35.0,642.0,-206.0,0,0.3724104262183731,0.06318681318681318,,0.05568252940145386,15,LOW,9.5,2025-01-09,527,Routine monitoring,"Low risk: inventory is expected to last about 9.5 days, shorter than the 14-day supplier lead time. Expedite the open order or reallocate stock, and replenish at least 527 units."
2024-12-30,P0053,Olive Oil 1,Grocery,Delhi DC,North,408,333,75,75,0,0,16,1063,11.01,0.0,0,Monday,12,Winter,74.44,0,91.57142857142857,94.7,3.636505460218409,3.636505460218409,-0.03303665711268673,-75.0,1465.142857142857,-1132.142857142857,1,0.36077621538710497,0.0027472527472527475,,0.6069517668100934,63,HIGH,3.6,2025-01-03,1774,Within 24 hours,"High risk: inventory is expected to last about 3.6 days, shorter than the 16-day supplier lead time. Expedite the open order or reallocate stock, and replenish at least 1,774 units."
2024-12-30,P0054,Yoga Mat 2,Sports,Delhi DC,North,219,192,27,27,0,0,13,563,104.39,0.0,0,Monday,12,Winter,31.58,0,34.285714285714285,37.666666666666664,5.6000000000000005,5.6000000000000005,-0.08975979772439946,-27.0,445.7142857142857,-253.71428571428572,1,0.30776284584980235,0.03021978021978022,,0.5223572937289044,52,HIGH,5.6,2025-01-05,494,Within 24 hours,"High risk: inventory is expected to last about 5.6 days, shorter than the 13-day supplier lead time. Expedite the open order or reallocate stock, and replenish at least 494 units."
2024-12-30,P0055,Protein Bar 3,Grocery,Bengaluru DC,South,159,104,55,55,0,0,15,912,22.45,0.0,0,Monday,12,Winter,73.9,0,89.0,91.5,1.1685393258426966,1.1685393258426966,-0.0273224043715847,-55.0,1335.0,-1231.0,1,0.3229598759449507,0.03571428571428571,,0.880046893081754,85,CRITICAL,1.2,2025-01-01,1854,Immediate,"Critical risk: inventory is expected to last about 1.2 days, shorter than the 15-day supplier lead time. Expedite the open order or reallocate stock, and replenish at least 1,854 units."
2024-12-30,P0056,Protein Bar 4,Grocery,Kolkata DC,East,480,420,60,60,0,0,8,489,13.57,0.0,0,Monday,12,Winter,60.53,0,58.142857142857146,61.666666666666664,7.223587223587224,7.223587223587224,-0.05714285714285706,-60.0,465.14285714285717,-45.14285714285717,1,0.2892227025763861,0.07417582417582418,,0.2756653405624676,30,MEDIUM,7.2,2025-01-07,453,Monitor this week,"Medium risk: inventory is expected to last about 7.2 days, shorter than the 8-day supplier lead time. Expedite the open order or reallocate stock, and replenish at least 453 units."
2024-12-30,P0057,Makeup Kit 4,Beauty,Bengaluru DC,South,555,517,38,38,0,0,14,622,34.45,0.0,0,Monday,12,Winter,40.24,0,46.142857142857146,45.53333333333333,11.204334365325076,11.204334365325076,0.013386320853378063,-38.0,646.0,-129.0,1,0.4413193670603967,0.038461538461538464,,0.05786877366888824,11,LOW,11.2,2025-01-11,453,Routine monitoring,"Low risk: inventory is expected to last about 11.2 days, shorter than the 14-day supplier lead time. Expedite the open order or reallocate stock, and replenish at least 453 units."
2024-12-30,P0058,Running Shoes 2,Sports,Bengaluru DC,South,162,124,38,38,0,0,11,693,82.08,0.0,0,Monday,12,Winter,41.97,0,55.57142857142857,51.0,2.231362467866324,2.231362467866324,0.08963585434173665,-38.0,611.2857142857142,-487.2857142857142,1,0.4196000000000001,0.008241758241758242,,0.8516361415853192,81,CRITICAL,2.2,2025-01-02,877,Immediate,"Critical risk: inventory is expected to last about 2.2 days, shorter than the 11-day supplier lead time. Expedite the open order or reallocate stock, and replenish at least 877 units."
2024-12-30,P0059,Fitness Tracker 2,Electronics,Kolkata DC,East,128,70,58,58,0,0,12,675,232.43,0.0,0,Monday,12,Winter,69.14,0,70.28571428571429,70.26666666666667,0.9959349593495934,0.9959349593495934,0.0002710761724045458,-58.0,843.4285714285716,-773.4285714285716,1,0.4836403789155578,0.06043956043956044,,0.9173723453091172,87,CRITICAL,1.0,2024-12-31,1266,Immediate,"Critical risk: inventory is expected to last about 1.0 days, shorter than the 12-day supplier lead time. Expedite the open order or reallocate stock, and replenish at least 1,266 units."
2024-12-30,P0060,Power Bank 5,Electronics,Bengaluru DC,South,366,330,36,36,0,0,13,353,98.72,0.0,0,Monday,12,Winter,25.91,0,31.285714285714285,30.533333333333335,10.547945205479452,10.547945205479452,0.02464129756706167,-36.0,406.7142857142857,-76.71428571428572,1,0.47330595482546195,0.046703296703296704,,0.07372222494988791,13,LOW,10.5,2025-01-10,296,Routine monitoring,"Low risk: inventory is expected to last about 10.5 days, shorter than the 13-day supplier lead time. Expedite the open order or reallocate stock, and replenish at least 296 units."
2024-12-30,P0061,Dumbbell Set 2,Sports,Delhi DC,North,204,187,17,17,0,0,12,391,92.21,0.0,0,Monday,12,Winter,28.4,0,30.857142857142858,29.733333333333334,6.060185185185185,6.060185185185185,0.037796284433055716,-17.0,370.2857142857143,-183.28571428571428,1,0.27093596059113306,0.03296703296703297,,0.5286253450866858,51,HIGH,6.1,2025-01-06,400,Within 24 hours,"High risk: inventory is expected to last about 6.1 days, shorter than the 12-day supplier lead time. Expedite the open order or reallocate stock, and replenish at least 400 units."
2024-12-30,P0062,Face Serum 3,Beauty,Bengaluru DC,South,241,208,33,33,0,0,14,493,61.3,0.0,0,Monday,12,Winter,42.47,0,39.285714285714285,40.7,5.294545454545455,5.294545454545455,-0.03474903474903484,-33.0,550.0,-342.0,1,0.2612358796855296,0.12637362637362637,,0.7183900002945193,65,HIGH,5.3,2025-01-05,617,Within 24 hours,"High risk: inventory is expected to last about 5.3 days, shorter than the 14-day supplier lead time. Expedite the open order or reallocate stock, and replenish at least 617 units."
2024-12-30,P0063,Water Bottle 2,Sports,Bengaluru DC,South,228,201,27,27,0,0,11,314,131.56,0.0,0,Monday,12,Winter,23.05,0,26.857142857142858,26.3,7.48404255319149,7.48404255319149,0.02118413905486148,-27.0,295.42857142857144,-94.42857142857144,1,0.33908776971897747,0.10164835164835165,,0.4861200967773459,44,MEDIUM,7.5,2025-01-07,283,Monitor this week,"Medium risk: inventory is expected to last about 7.5 days, shorter than the 11-day supplier lead time. Expedite the open order or reallocate stock, and replenish at least 283 units."
2024-12-30,P0064,Breakfast Cereal 5,Grocery,Mumbai DC,West,1873,1772,101,101,0,0,14,1397,9.7,0.0,0,Monday,12,Winter,113.73,0,119.57142857142857,118.93333333333334,14.819593787335723,14.819593787335723,0.0053651505445226925,-101.0,1674.0,98.0,0,0.34345794392523354,0.03021978021978022,,0.0027088576175418656,0,LOW,14.8,2025-01-14,739,Routine monitoring,Inventory coverage currently exceeds lead time. Continue routine monitoring and reorder-point review.
2024-12-30,P0065,Running Shoes 3,Sports,Delhi DC,North,385,351,34,34,0,0,13,453,44.39,0.0,0,Monday,12,Winter,30.79,0,29.428571428571427,31.366666666666667,11.927184466019417,11.927184466019417,-0.06178837103385462,-34.0,382.57142857142856,-31.571428571428555,1,0.19791761804731017,0.03021978021978022,,0.05994048712036447,8,LOW,11.9,2025-01-11,238,Routine monitoring,"Low risk: inventory is expected to last about 11.9 days, shorter than the 13-day supplier lead time. Expedite the open order or reallocate stock, and replenish at least 238 units."
2024-12-30,P0066,Water Bottle 3,Sports,Mumbai DC,West,118,86,32,32,0,0,11,367,37.79,0.2,1,Monday,12,Winter,30.0,0,28.571428571428573,31.766666666666666,3.01,3.01,-0.10058461999700187,-32.0,314.2857142857143,-228.28571428571428,1,0.35373299006987863,0.038461538461538464,,0.7824378023139671,74,HIGH,3.0,2025-01-03,429,Within 24 hours,"High risk: inventory is expected to last about 3.0 days, shorter than the 11-day supplier lead time. Expedite the open order or reallocate stock, and replenish at least 429 units."
2024-12-30,P0067,Yoga Mat 3,Sports,Kolkata DC,East,394,325,69,69,0,0,10,657,67.5,0.15,1,Monday,12,Winter,64.11,0,67.57142857142857,57.733333333333334,4.809725158562368,4.809725158562368,0.1704058066644671,-69.0,675.7142857142857,-350.71428571428567,1,0.3432283422202462,0.04945054945054945,,0.6969403477201955,64,HIGH,4.8,2025-01-04,824,Within 24 hours,"High risk: inventory is expected to last about 4.8 days, shorter than the 10-day supplier lead time. Expedite the open order or reallocate stock, and replenish at least 824 units."
2024-12-30,P0068,Air Fryer 3,Home & Kitchen,Mumbai DC,West,348,319,29,29,0,0,13,363,183.56,0.0,0,Monday,12,Winter,29.16,0,30.428571428571427,31.0,10.483568075117372,10.483568075117372,-0.018433179723502353,-29.0,395.57142857142856,-76.57142857142856,1,0.4861655713260064,0.03021978021978022,,0.10157379924687182,14,LOW,10.5,2025-01-10,290,Routine monitoring,"Low risk: inventory is expected to last about 10.5 days, shorter than the 13-day supplier lead time. Expedite the open order or reallocate stock, and replenish at least 290 units."
2024-12-30,P0069,Fitness Tracker 3,Electronics,Delhi DC,North,1021,959,62,62,0,0,12,590,333.68,0.0,0,Monday,12,Winter,49.7,0,62.285714285714285,64.93333333333334,15.396788990825689,15.396788990825689,-0.04077442065121744,-62.0,747.4285714285714,211.57142857142856,0,0.3295953708396689,0.03571428571428571,,0.0025652308463894194,0,LOW,15.4,2025-01-15,225,Routine monitoring,Inventory coverage currently exceeds lead time. Continue routine monitoring and reorder-point review.
2024-12-30,P0070,Body Lotion 3,Beauty,Bengaluru DC,South,1109,1012,97,97,0,0,5,601,52.99,0.0,0,Monday,12,Winter,105.69,0,119.14285714285714,117.0,8.49400479616307,8.49400479616307,0.01831501831501828,-97.0,595.7142857142857,416.28571428571433,0,0.3061843350972109,0.03296703296703297,,0.13067378636231727,18,LOW,8.5,2025-01-08,418,Routine monitoring,Inventory coverage currently exceeds lead time. Continue routine monitoring and reorder-point review.
2024-12-30,P0071,Coffee Maker 4,Home & Kitchen,Bengaluru DC,South,190,160,30,30,0,0,12,330,120.82,0.0,0,Monday,12,Winter,20.14,0,29.714285714285715,29.266666666666666,5.384615384615384,5.384615384615384,0.015294500488122423,-30.0,356.57142857142856,-196.57142857142856,1,0.44958896343191934,0.038461538461538464,,0.5540988868494572,54,HIGH,5.4,2025-01-05,405,Within 24 hours,"High risk: inventory is expected to last about 5.4 days, shorter than the 12-day supplier lead time. Expedite the open order or reallocate stock, and replenish at least 405 units."
2024-12-30,P0072,Face Serum 4,Beauty,Mumbai DC,West,168,149,19,19,0,0,5,150,19.52,0.0,0,Monday,12,Winter,23.13,0,28.571428571428573,27.533333333333335,5.215,5.215,0.03770321687997232,-19.0,142.85714285714286,6.142857142857139,1,0.4983830736641557,0.04395604395604396,,0.5379203126816197,48,MEDIUM,5.2,2025-01-05,194,Monitor this week,Inventory coverage currently exceeds lead time. Continue routine monitoring and reorder-point review.
2024-12-30,P0074,Air Fryer 4,Home & Kitchen,Mumbai DC,West,229,194,35,35,0,0,12,225,49.71,0.0,0,Monday,12,Winter,22.45,0,26.857142857142858,33.8,7.223404255319148,7.223404255319148,-0.2054099746407438,-35.0,322.2857142857143,-128.28571428571428,1,0.3825568016413215,0.06868131868131869,,0.3795958766092975,39,MEDIUM,7.2,2025-01-07,317,Monitor this week,"Medium risk: inventory is expected to last about 7.2 days, shorter than the 12-day supplier lead time. Expedite the open order or reallocate stock, and replenish at least 317 units."
2024-12-30,P0100,Backpack 3,Fashion,Delhi DC,North,328,269,59,59,0,0,7,334,115.13,0.0,0,Monday,12,Winter,59.18,0,53.857142857142854,53.63333333333333,4.994694960212202,4.994694960212202,0.004172955695640545,-59.0,377.0,-108.0,1,0.4079160082102701,0.04945054945054945,,0.659633670864821,59,HIGH,5.0,2025-01-04,485,Within 24 hours,"High risk: inventory is expected to last about 5.0 days, shorter than the 7-day supplier lead time. Expedite the open order or reallocate stock, and replenish at least 485 units."
